{
  "model_name": "xgboost",
  "n": 13998,
  "prevalence": 0.08979854264894985,
  "auroc": 0.6576423109778397,
  "auprc": 0.18720146929062453,
  "brier": 0.07850322872400284,
  "net_benefit_useful_range": [
    0.03,
    0.51
  ]
}