{
  "model_name": "xgboost",
  "n": 13998,
  "prevalence": 0.08979854264894985,
  "auroc": 0.6578861694501374,
  "auprc": 0.1891957870382482,
  "brier": 0.07845281064510345,
  "net_benefit_useful_range": [
    0.04,
    0.5800000000000001
  ]
}