{
  "model_name": "xgboost",
  "n": 13998,
  "prevalence": 0.08979854264894985,
  "auroc": 0.6582739203432288,
  "auprc": 0.1878453182337455,
  "brier": 0.07850484447418296,
  "net_benefit_useful_range": [
    0.04,
    0.49
  ]
}