{
  "top_features_aggregated": {
    "medical_specialty": 3.1245946884155273,
    "discharge_disposition_id": 2.7764816284179688,
    "admission_source_id": 0.935313880443573,
    "diag_2_group": 0.7897655367851257,
    "diag_1_group": 0.6911376118659973,
    "diag_3_group": 0.6647530198097229,
    "repaglinide": 0.41931548714637756,
    "insulin": 0.33282601833343506,
    "admission_type_id": 0.2774789035320282,
    "age": 0.24681147933006287,
    "glimepiride": 0.23136940598487854,
    "number_inpatient": 0.21182048320770264,
    "race": 0.18337802588939667,
    "metformin": 0.1544491946697235,
    "A1Cresult": 0.13284187018871307
  },
  "top_features_encoded": {
    "discharge_disposition_id_23": 0.8317909836769104,
    "medical_specialty_Hematology/Oncology": 0.6261547207832336,
    "discharge_disposition_id_28": 0.5006173849105835,
    "repaglinide_Up": 0.40015438199043274,
    "discharge_disposition_id_22": 0.3249952495098114,
    "admission_source_id_3": 0.2607309818267822,
    "discharge_disposition_id_2": 0.2601851224899292,
    "medical_specialty_ObstetricsandGynecology": 0.25833743810653687,
    "discharge_disposition_id_25": 0.24390298128128052,
    "medical_specialty_Oncology": 0.242471843957901
  },
  "examples": {
    "high_p": 0.650507390499115,
    "high_y": 1,
    "low_p": 0.015119703486561775,
    "low_y": 0
  }
}