{
  "top_features_aggregated": {
    "discharge_disposition_id": 3.0703070163726807,
    "medical_specialty": 2.9371955394744873,
    "diag_1_group": 0.9057937860488892,
    "admission_source_id": 0.8448429107666016,
    "diag_2_group": 0.8380832076072693,
    "diag_3_group": 0.5337138175964355,
    "repaglinide": 0.3748430907726288,
    "admission_type_id": 0.36644676327705383,
    "insulin": 0.2365650236606598,
    "age": 0.18998274207115173,
    "metformin": 0.18507929146289825,
    "number_inpatient": 0.17913512885570526,
    "A1Cresult": 0.16016384959220886,
    "race": 0.15474382042884827,
    "num_lab_procedures": 0.12730544805526733
  },
  "top_features_encoded": {
    "discharge_disposition_id_23": 0.8840562105178833,
    "medical_specialty_Hematology/Oncology": 0.6613993644714355,
    "discharge_disposition_id_28": 0.6465615034103394,
    "repaglinide_Up": 0.3661738634109497,
    "admission_source_id_3": 0.3229990303516388,
    "discharge_disposition_id_25": 0.3196358382701874,
    "discharge_disposition_id_22": 0.31508398056030273,
    "discharge_disposition_id_2": 0.2922945022583008,
    "diag_2_group_Neoplasms": 0.26602381467819214,
    "medical_specialty_Orthopedics-Reconstructive": 0.2465721219778061
  },
  "examples": {
    "high_p": 0.6253310441970825,
    "high_y": 1,
    "low_p": 0.0152114974334836,
    "low_y": 0
  }
}