{
  "best_model": "xgboost",
  "selection_metric": "cv_auprc_mean",
  "test_positive_rate": 0.08979854264894985,
  "models": {
    "logistic_regression": {
      "cv_auprc_mean": 0.16830366625963883,
      "cv_auprc_std": 0.006286544205255126,
      "cv_auroc_mean": 0.6452999733076579,
      "cv_auroc_std": 0.0049136312865828155,
      "test": {
        "auroc": 0.6508843311612414,
        "auprc": 0.1728843475318072
      }
    },
    "xgboost": {
      "cv_auprc_mean": 0.18087779579887156,
      "cv_auprc_std": 0.003978106419473896,
      "cv_auroc_mean": 0.6544586380798656,
      "cv_auroc_std": 0.004654511770557941,
      "test": {
        "auroc": 0.6582739203432288,
        "auprc": 0.1878453182337455
      }
    }
  }
}