{
  "best_model": "xgboost",
  "selection_metric": "cv_auprc_mean",
  "test_positive_rate": 0.08979854264894985,
  "models": {
    "logistic_regression": {
      "cv_auprc_mean": 0.16639646043979764,
      "cv_auprc_std": 0.007217423558831553,
      "cv_auroc_mean": 0.645294867305837,
      "cv_auroc_std": 0.004651723759384358,
      "test": {
        "auroc": 0.650405355782674,
        "auprc": 0.17173635398615394
      }
    },
    "xgboost": {
      "cv_auprc_mean": 0.17806481252869755,
      "cv_auprc_std": 0.008000657420436562,
      "cv_auroc_mean": 0.651629656278124,
      "cv_auroc_std": 0.0060537283055149115,
      "test": {
        "auroc": 0.6569498852887998,
        "auprc": 0.18724642268946357
      }
    }
  }
}