{
  "best_model": "xgboost",
  "selection_metric": "cv_auprc_mean",
  "test_positive_rate": 0.08979854264894985,
  "models": {
    "logistic_regression": {
      "cv_auprc_mean": 0.16816288885285532,
      "cv_auprc_std": 0.00628453539224896,
      "cv_auroc_mean": 0.645112893231695,
      "cv_auroc_std": 0.004960724646267852,
      "test": {
        "auroc": 0.6508900131791596,
        "auprc": 0.17288939171172202
      }
    },
    "xgboost": {
      "cv_auprc_mean": 0.1817608790642348,
      "cv_auprc_std": 0.004680911115560519,
      "cv_auroc_mean": 0.6555753254224281,
      "cv_auroc_std": 0.005100509161859743,
      "test": {
        "auroc": 0.6576423109778397,
        "auprc": 0.18720146929062453
      }
    }
  }
}