{
  "best_model": "xgboost",
  "selection_metric": "cv_auprc_mean",
  "test_positive_rate": 0.08979854264894985,
  "models": {
    "logistic_regression": {
      "cv_auprc_mean": 0.1682629428712873,
      "cv_auprc_std": 0.006365912517883736,
      "cv_auroc_mean": 0.6450808458028504,
      "cv_auroc_std": 0.004933469502025719,
      "test": {
        "auroc": 0.6509086826666048,
        "auprc": 0.17290683073815155
      }
    },
    "xgboost": {
      "cv_auprc_mean": 0.1813695480997862,
      "cv_auprc_std": 0.004488910666518946,
      "cv_auroc_mean": 0.6528765407743958,
      "cv_auroc_std": 0.004618645245747057,
      "test": {
        "auroc": 0.6578861694501374,
        "auprc": 0.1891957870382482
      }
    }
  }
}